episode,cumulative_reward
0,500.0
1,315.0
2,248.33333333333334
3,251.25
4,224.0
5,210.83333333333334
6,202.85714285714286
7,207.5
8,217.22222222222223
9,220.5
10,239.54545454545453
11,234.16666666666666
12,233.07692307692307
13,227.85714285714286
14,233.66666666666666
